-- phpMyAdmin SQL Dump
-- version 5.0.3
-- https://www.phpmyadmin.net/
--
-- Servidor: 127.0.0.1
-- Tiempo de generación: 05-02-2021 a las 03:08:10
-- Versión del servidor: 10.4.14-MariaDB
-- Versión de PHP: 7.2.34

SET SQL_MODE = "NO_AUTO_VALUE_ON_ZERO";
START TRANSACTION;
SET time_zone = "+00:00";


/*!40101 SET @OLD_CHARACTER_SET_CLIENT=@@CHARACTER_SET_CLIENT */;
/*!40101 SET @OLD_CHARACTER_SET_RESULTS=@@CHARACTER_SET_RESULTS */;
/*!40101 SET @OLD_COLLATION_CONNECTION=@@COLLATION_CONNECTION */;
/*!40101 SET NAMES utf8mb4 */;

--
-- Base de datos: `maximiliano_tienda`
--

-- --------------------------------------------------------

--
-- Estructura de tabla para la tabla `cajas`
--

CREATE TABLE `cajas` (
  `id` int(11) NOT NULL,
  `numero_caja` varchar(10) NOT NULL,
  `nombre` varchar(35) NOT NULL,
  `folio` int(11) NOT NULL,
  `activo` tinyint(4) NOT NULL DEFAULT 1,
  `fecha_alta` timestamp NOT NULL DEFAULT current_timestamp() ON UPDATE current_timestamp(),
  `fecha_edit` timestamp NULL DEFAULT NULL
) ENGINE=InnoDB DEFAULT CHARSET=utf8mb4;

--
-- Volcado de datos para la tabla `cajas`
--

INSERT INTO `cajas` (`id`, `numero_caja`, `nombre`, `folio`, `activo`, `fecha_alta`, `fecha_edit`) VALUES
(1, '1', 'caja General', 1, 1, '2020-11-10 00:57:28', NULL),
(2, '2', 'caja Secundaria', 2, 1, '2020-11-10 00:58:31', NULL),
(3, '3', 'caja Gerencial', 3, 1, '2020-11-16 02:01:33', '2020-11-16 02:01:33'),
(4, '03', 'Caja Admin', 0, 1, '2020-11-16 03:56:49', '2020-11-16 02:56:49'),
(5, 'dddddddd', 'ddddddd', 7, 0, '2020-11-16 03:53:51', '2020-11-16 02:53:51'),
(6, 'ww', '12332313123', 50, 0, '2020-11-16 03:53:48', '2020-11-16 02:53:48'),
(7, '20', '//////****', 20, 1, '2020-11-16 03:56:52', '2020-11-16 02:56:52');

-- --------------------------------------------------------

--
-- Estructura de tabla para la tabla `clientes`
--

CREATE TABLE `clientes` (
  `id` int(11) NOT NULL,
  `nombre` varchar(100) NOT NULL,
  `direccion` varchar(200) NOT NULL,
  `telefono` varchar(50) NOT NULL,
  `correo` varchar(200) NOT NULL,
  `activo` tinyint(4) NOT NULL DEFAULT 1,
  `fecha_alta` timestamp NOT NULL DEFAULT current_timestamp() ON UPDATE current_timestamp(),
  `fecha_edit` timestamp NULL DEFAULT NULL
) ENGINE=InnoDB DEFAULT CHARSET=utf8mb4;

--
-- Volcado de datos para la tabla `clientes`
--

INSERT INTO `clientes` (`id`, `nombre`, `direccion`, `telefono`, `correo`, `activo`, `fecha_alta`, `fecha_edit`) VALUES
(1, 'José Pintado  ', 'Av Carlos Bustamantedddddddddddddddd ddddddddddddddddddd ddddddddddd dddddddddd dddddddddddddd  ', '+51 938150845  ', ' jose@gmail.com', 1, '2021-01-15 05:06:44', '2021-01-15 04:06:44'),
(2, 'Angel Pelaye  ', 'Cordova  ', '9898989  ', ' angel@gmail.com', 1, '2021-01-15 05:06:58', '2021-01-15 04:06:58'),
(3, 'Publico en general', 'Sin direccion', 'Sin telefono', 'Sin correo', 0, '2021-01-29 21:45:42', '2020-11-19 15:25:25'),
(4, 'Manuel', 'Venida osbaldo', '787878787', ' manuel@gmail.com', 1, '2021-01-15 05:07:32', '2021-01-15 04:07:32');

-- --------------------------------------------------------

--
-- Estructura de tabla para la tabla `compras`
--

CREATE TABLE `compras` (
  `id` int(11) NOT NULL,
  `folio` varchar(20) NOT NULL,
  `total` decimal(10,2) NOT NULL,
  `id_usuario` int(11) NOT NULL,
  `activo` tinyint(3) NOT NULL DEFAULT 1,
  `fecha_alta` timestamp NOT NULL DEFAULT current_timestamp() ON UPDATE current_timestamp()
) ENGINE=InnoDB DEFAULT CHARSET=utf8mb4;

--
-- Volcado de datos para la tabla `compras`
--

INSERT INTO `compras` (`id`, `folio`, `total`, `id_usuario`, `activo`, `fecha_alta`) VALUES
(11, '5fd184668f0c7', '40.00', 1, 1, '2020-12-10 01:14:22'),
(12, '5fd187ff9d6db', '500.00', 1, 1, '2020-12-10 01:29:52'),
(13, '5fd18a42dd6b8', '250000.00', 1, 1, '2020-12-10 01:39:13'),
(14, '5fd18b086a27f', '49380.48', 1, 1, '2020-12-10 01:43:00'),
(15, '5fd1c19cdb048', '128451.20', 1, 1, '2020-12-10 05:35:24'),
(16, '5fd1c26416dfa', '50130.48', 1, 1, '2020-12-10 05:39:15'),
(17, '5fd24b13ee5cf', '27500.00', 1, 1, '2020-12-10 15:26:01'),
(18, '5fd24c518bc06', '13345.12', 1, 1, '2020-12-10 15:27:35'),
(19, '5fd2c433ada56', '669756.00', 1, 1, '2020-12-11 00:00:17'),
(20, '5fd2c4e7923b0', '4500.00', 1, 1, '2020-12-11 00:01:45'),
(21, '5fd9810d6ba76', '2500.00', 1, 1, '2020-12-16 02:39:36'),
(22, '5fd982117ac54', '3000.00', 1, 1, '2020-12-16 02:43:46'),
(23, '5fe3a89fe7eec', '500.00', 1, 1, '2020-12-23 19:29:26'),
(24, '5fe3c5df7b03f', '150.00', 1, 1, '2020-12-23 21:37:36'),
(25, '5fe3e8cb1d662', '5000.00', 1, 1, '2020-12-24 00:03:19'),
(26, '6010cbcad3fa6', '5000.00', 4, 1, '2021-01-27 01:13:19'),
(27, '601c45718074b', '5000.00', 4, 1, '2021-02-04 18:05:41'),
(28, '601c4c4887fc0', '15000.00', 4, 1, '2021-02-04 18:35:27'),
(29, '601c66dd7c2f5', '250.00', 4, 1, '2021-02-04 20:28:58'),
(30, '601c692233009', '125.00', 4, 1, '2021-02-04 20:37:49'),
(31, '601c69dba33a8', '125.00', 4, 1, '2021-02-04 20:41:19'),
(32, '601c9e2dabc33', '4000.00', 4, 1, '2021-02-05 00:24:04'),
(33, '601ca2b224beb', '7200.00', 4, 1, '2021-02-05 00:43:45');

-- --------------------------------------------------------

--
-- Estructura de tabla para la tabla `configuracion`
--

CREATE TABLE `configuracion` (
  `id` int(11) NOT NULL,
  `nombre` varchar(100) NOT NULL,
  `valor` varchar(100) NOT NULL
) ENGINE=InnoDB DEFAULT CHARSET=utf8mb4;

--
-- Volcado de datos para la tabla `configuracion`
--

INSERT INTO `configuracion` (`id`, `nombre`, `valor`) VALUES
(1, 'tienda_nombre', 'Tienda Arg'),
(2, 'tienda_rfc', 'XXXXXXAAAxxxxAAA'),
(3, 'tienda_telefono', '99999888'),
(4, 'tienda_email', 'tienda@gmail.com'),
(5, 'tienda_direccion', 'Av jose Luis Martes y Lunes'),
(6, 'ticket_leyenda', 'Gracias por comprar aquí'),
(7, 'ticket_wp', '222222222');

-- --------------------------------------------------------

--
-- Estructura de tabla para la tabla `detalle_compra`
--

CREATE TABLE `detalle_compra` (
  `id` int(11) NOT NULL,
  `id_compra` int(11) NOT NULL,
  `id_producto` int(11) NOT NULL,
  `nombre` varchar(200) NOT NULL,
  `cantidad` decimal(10,2) NOT NULL,
  `precio` decimal(10,2) NOT NULL,
  `fecha_alta` timestamp NOT NULL DEFAULT current_timestamp() ON UPDATE current_timestamp()
) ENGINE=InnoDB DEFAULT CHARSET=utf8mb4;

--
-- Volcado de datos para la tabla `detalle_compra`
--

INSERT INTO `detalle_compra` (`id`, `id_compra`, `id_producto`, `nombre`, `cantidad`, `precio`, `fecha_alta`) VALUES
(15, 11, 5, 'Agua', '20.00', '500.00', '2020-12-10 01:14:22'),
(16, 11, 7, 'Litio', '30.00', '1000.00', '2020-12-10 01:14:22'),
(17, 12, 5, 'Agua', '1000.00', '500.00', '2020-12-10 01:29:52'),
(18, 13, 5, 'Agua', '500.00', '500.00', '2020-12-10 01:39:13'),
(19, 14, 7, 'Litio', '4.00', '12345.12', '2020-12-10 01:43:00'),
(20, 15, 5, 'Agua', '10.00', '500.00', '2020-12-10 05:35:24'),
(21, 15, 7, 'Litio', '10.00', '12345.12', '2020-12-10 05:35:24'),
(22, 16, 5, 'Agua', '2.00', '500.00', '2020-12-10 05:39:15'),
(23, 16, 7, 'Litio', '4.00', '12345.12', '2020-12-10 05:39:15'),
(24, 17, 5, 'Agua', '50.00', '500.00', '2020-12-10 15:26:01'),
(25, 17, 10, 'Fierro', '5.00', '500.00', '2020-12-10 15:26:01'),
(26, 18, 10, 'Fierro', '1.00', '500.00', '2020-12-10 15:27:35'),
(27, 18, 5, 'Agua', '1.00', '500.00', '2020-12-10 15:27:35'),
(28, 18, 7, 'Litio', '1.00', '12345.12', '2020-12-10 15:27:35'),
(29, 19, 5, 'Agua', '100.00', '500.00', '2020-12-11 00:00:17'),
(30, 19, 7, 'Litio', '50.00', '12345.12', '2020-12-11 00:00:17'),
(31, 19, 10, 'Fierro', '5.00', '500.00', '2020-12-11 00:00:17'),
(32, 20, 10, 'Fierro', '9.00', '500.00', '2020-12-11 00:01:45'),
(33, 21, 5, 'Agua', '5.00', '500.00', '2020-12-16 02:39:36'),
(34, 22, 11, 'Metal', '100.00', '30.00', '2020-12-16 02:43:46'),
(35, 23, 5, 'Agua', '1.00', '500.00', '2020-12-23 19:29:26'),
(36, 24, 3, 'Fierro de construcción', '3.00', '50.00', '2020-12-23 21:37:36'),
(37, 25, 3, 'Fierro de construcción', '100.00', '50.00', '2020-12-24 00:03:19'),
(38, 26, 72, 'bolsón vacío', '20.00', '250.00', '2021-01-27 01:13:19'),
(39, 27, 73, 'prueba', '10.00', '500.00', '2021-02-04 18:05:41'),
(40, 28, 73, 'prueba', '30.00', '500.00', '2021-02-04 18:35:27'),
(41, 29, 73, 'prueba', '1.00', '500.00', '2021-02-04 20:28:58'),
(42, 30, 73, 'prueba', '0.25', '500.00', '2021-02-04 20:37:49'),
(43, 31, 73, 'prueba', '0.25', '500.00', '2021-02-04 20:41:19'),
(44, 32, 74, '1/4 arena', '10.00', '400.00', '2021-02-05 00:24:04'),
(45, 33, 39, 'Ladrillos Huecos (12-18-33x6)', '144.00', '50.00', '2021-02-05 00:43:45');

-- --------------------------------------------------------

--
-- Estructura de tabla para la tabla `detalle_venta`
--

CREATE TABLE `detalle_venta` (
  `id` int(11) NOT NULL,
  `id_venta` int(11) NOT NULL,
  `id_producto` int(11) NOT NULL,
  `nombre` varchar(200) NOT NULL,
  `cantidad` decimal(10,2) NOT NULL,
  `precio` decimal(10,2) NOT NULL,
  `fecha_alta` timestamp NOT NULL DEFAULT current_timestamp() ON UPDATE current_timestamp()
) ENGINE=InnoDB DEFAULT CHARSET=utf8mb4;

--
-- Volcado de datos para la tabla `detalle_venta`
--

INSERT INTO `detalle_venta` (`id`, `id_venta`, `id_producto`, `nombre`, `cantidad`, `precio`, `fecha_alta`) VALUES
(1, 19, 12, 'Aguas', '1.00', '500.00', '2020-12-24 00:13:12'),
(2, 19, 5, 'Agua', '1.00', '500.00', '2020-12-24 00:13:12'),
(3, 19, 3, 'Fierro de construcción', '1.00', '50.00', '2020-12-24 00:13:12'),
(4, 20, 3, 'Fierro de construcción', '1.00', '50.00', '2020-12-24 00:14:10'),
(5, 21, 3, 'Fierro de construcción', '1.00', '120.00', '2020-12-24 00:25:47'),
(6, 22, 5, 'Agua', '1.00', '800.00', '2020-12-24 02:43:20'),
(7, 23, 5, 'Agua', '1.00', '800.00', '2020-12-24 02:47:53'),
(8, 24, 5, 'Agua', '60.00', '800.00', '2020-12-24 03:20:06'),
(9, 24, 3, 'Fierro de construcción', '2.00', '120.00', '2020-12-24 03:20:06'),
(10, 24, 10, 'Fierro', '2.00', '600.00', '2020-12-24 03:20:06'),
(11, 25, 5, 'Agua', '10.00', '800.00', '2020-12-24 03:21:58'),
(12, 25, 7, 'Litio', '30.00', '1200.00', '2020-12-24 03:21:58'),
(13, 25, 3, 'Fierro de construcción', '1.00', '120.00', '2020-12-24 03:21:58'),
(14, 26, 5, 'Agua', '1.00', '800.00', '2020-12-29 03:43:25'),
(15, 27, 5, 'Agua', '10.00', '800.00', '2020-12-29 03:50:39'),
(16, 28, 5, 'Agua', '2.00', '800.00', '2020-12-29 13:11:15'),
(17, 29, 3, 'Fierro de construcción', '1.00', '120.00', '2020-12-30 15:48:27'),
(18, 30, 35, 'Arena', '1.00', '1900.00', '2021-01-13 04:02:11'),
(19, 31, 35, 'Arena', '2.00', '1900.00', '2021-01-13 06:23:29'),
(20, 32, 38, 'Bolsones (Arena-Piedra-Escombro)', '2.00', '500.00', '2021-01-13 06:27:39'),
(21, 33, 35, 'Arena', '1.00', '1900.00', '2021-01-13 06:42:58'),
(22, 34, 35, 'Arena', '1.00', '1900.00', '2021-01-14 14:35:27'),
(23, 35, 35, 'Arena', '1.00', '1900.00', '2021-01-14 23:20:03'),
(24, 36, 35, 'Arena', '2.00', '1900.00', '2021-01-14 23:23:21'),
(25, 37, 35, 'Arena', '1.00', '1900.00', '2021-01-15 04:12:03'),
(26, 38, 35, 'Arena', '1.00', '1900.00', '2021-01-15 04:17:13'),
(27, 39, 35, 'Arena', '2.00', '1900.00', '2021-01-15 04:23:55'),
(28, 39, 3, 'Cemento / Avellaneda', '1.00', '800.00', '2021-01-15 04:23:55'),
(29, 40, 35, 'Arena', '1.00', '1900.00', '2021-01-15 04:28:25'),
(30, 41, 35, 'Arena', '1.00', '1900.00', '2021-01-15 04:31:43'),
(31, 42, 35, 'Arena', '2.00', '1900.00', '2021-01-16 04:00:50'),
(32, 43, 35, 'Arena', '1.00', '1900.00', '2021-01-16 04:01:08'),
(33, 44, 35, 'Arena', '1.00', '1900.00', '2021-01-16 04:01:57'),
(34, 45, 35, 'Arena', '1.00', '1900.00', '2021-01-16 04:02:16'),
(35, 46, 35, 'Arena', '1.00', '1900.00', '2021-01-16 04:02:24'),
(36, 47, 35, 'Arena', '1.00', '1900.00', '2021-01-16 04:04:48'),
(37, 48, 35, 'Arena', '1.00', '1900.00', '2021-01-16 04:04:56'),
(38, 49, 35, 'Arena', '1.00', '1900.00', '2021-01-16 04:11:16'),
(39, 50, 35, 'Arena', '1.00', '1900.00', '2021-01-16 04:20:23'),
(40, 51, 35, 'Arena', '1.00', '1900.00', '2021-01-16 04:20:50'),
(41, 52, 35, 'Arena', '1.00', '1900.00', '2021-01-16 04:22:05'),
(42, 53, 35, 'Arena', '2.00', '1900.00', '2021-01-16 13:11:12'),
(43, 54, 38, 'Bolsones (Arena-Piedra-Escombro)', '2.00', '500.00', '2021-01-16 13:11:58'),
(44, 55, 35, 'Arena', '1.00', '1900.00', '2021-01-16 13:43:40'),
(45, 56, 35, 'Arena', '1.00', '1900.00', '2021-01-16 13:47:57'),
(46, 57, 35, 'Arena', '1.00', '1900.00', '2021-01-16 14:03:45'),
(47, 58, 35, 'Arena', '2.00', '1900.00', '2021-01-16 14:04:05'),
(48, 59, 35, 'Arena', '1.00', '1900.00', '2021-01-16 14:04:42'),
(49, 60, 35, 'Arena', '1.00', '1900.00', '2021-01-16 14:05:04'),
(50, 61, 37, 'Escombro ', '11.00', '1500.00', '2021-01-16 14:07:13'),
(51, 62, 37, 'Escombro ', '2.00', '1500.00', '2021-01-16 14:09:45'),
(52, 62, 35, 'Arena', '1.00', '1900.00', '2021-01-16 14:09:45'),
(53, 62, 36, 'Piedra', '4.00', '3500.00', '2021-01-16 14:09:45'),
(54, 63, 35, 'Arena', '2.00', '1900.00', '2021-01-18 00:12:00'),
(55, 63, 36, 'Piedra', '1.00', '3500.00', '2021-01-18 00:12:00'),
(56, 64, 72, 'bolsón vacío', '5.00', '500.00', '2021-01-27 01:14:09'),
(57, 65, 72, 'bolsón vacío', '1.00', '500.00', '2021-01-27 01:19:27'),
(58, 66, 72, 'bolsón vacío', '1.00', '500.00', '2021-01-27 01:25:06'),
(59, 67, 72, 'bolsón vacío', '1.00', '500.00', '2021-01-29 20:47:09'),
(60, 68, 73, 'prueba', '5.00', '200.00', '2021-02-04 18:39:52'),
(61, 69, 73, 'prueba', '1.25', '600.00', '2021-02-04 20:43:51'),
(62, 70, 35, 'Arena', '1.00', '1900.00', '2021-02-04 20:56:46'),
(63, 71, 35, 'Arena', '1.00', '1900.00', '2021-02-05 00:32:06'),
(64, 72, 35, 'Arena', '1.00', '1900.00', '2021-02-05 00:32:45'),
(65, 72, 37, 'Escombro ', '1.00', '1500.00', '2021-02-05 00:32:45'),
(66, 73, 39, 'Ladrillos Huecos (12-18-33x6)', '100.00', '59.00', '2021-02-05 00:50:31'),
(67, 73, 35, 'Arena', '1.00', '1900.00', '2021-02-05 00:50:31');

-- --------------------------------------------------------

--
-- Estructura de tabla para la tabla `productos`
--

CREATE TABLE `productos` (
  `id` int(11) NOT NULL,
  `codigo` varchar(100) NOT NULL,
  `precio_venta` decimal(10,2) NOT NULL,
  `precio_compra` decimal(10,2) NOT NULL DEFAULT 0.00,
  `existencia` decimal(10,2) NOT NULL DEFAULT 0.00,
  `existencia_kg` decimal(10,2) NOT NULL DEFAULT 0.00,
  `stock_minimo` int(11) NOT NULL DEFAULT 0,
  `inventariable` tinyint(4) NOT NULL,
  `id_unidad` smallint(6) NOT NULL,
  `activo` tinyint(3) NOT NULL DEFAULT 1,
  `fecha_alta` timestamp NOT NULL DEFAULT current_timestamp() ON UPDATE current_timestamp(),
  `fecha_edit` timestamp NULL DEFAULT NULL,
  `nombre` varchar(200) NOT NULL
) ENGINE=InnoDB DEFAULT CHARSET=utf8mb4;

--
-- Volcado de datos para la tabla `productos`
--

INSERT INTO `productos` (`id`, `codigo`, `precio_venta`, `precio_compra`, `existencia`, `existencia_kg`, `stock_minimo`, `inventariable`, `id_unidad`, `activo`, `fecha_alta`, `fecha_edit`, `nombre`) VALUES
(3, '02020202', '800.00', '400.00', '95.00', '0.00', 0, 0, 4, 1, '2021-01-15 05:23:55', NULL, 'Cemento / Avellaneda'),
(5, '', '750.00', '350.00', '99.00', '0.00', 50, 0, 4, 1, '2021-01-11 15:11:29', '2020-12-01 03:33:04', 'Cemento / Holcim'),
(7, '', '800.00', '450.00', '89.00', '0.00', 80, 0, 4, 1, '2021-01-11 15:12:03', '2020-11-17 23:36:38', 'Cemento / Loma Negra'),
(9, '', '700.00', '300.00', '0.00', '0.00', 1111, 0, 4, 1, '2021-01-11 15:12:55', '2020-11-19 03:05:08', 'Cemento Albañilería / Plasticor'),
(10, '', '700.00', '300.00', '18.00', '0.00', 2, 0, 4, 1, '2021-01-11 15:13:15', NULL, 'Cemento Albañilería / Hidralit'),
(11, '', '700.00', '300.00', '99.00', '0.00', 5, 0, 4, 1, '2021-01-11 15:13:55', NULL, 'Pegamento Cerámica / Weber'),
(12, '', '600.00', '350.00', '-1.00', '0.00', 5, 0, 4, 1, '2021-01-11 15:14:18', NULL, 'Pegamento Cerámica / Perfecto'),
(13, '', '500.00', '300.00', '0.00', '0.00', 15, 0, 4, 1, '2021-01-11 12:14:54', NULL, 'Pegamento Cerámica / Normix'),
(14, '', '400.00', '200.00', '0.00', '0.00', 15, 0, 4, 1, '2021-01-11 15:16:11', NULL, 'Cal / Casique'),
(15, '', '400.00', '200.00', '0.00', '0.00', 15, 0, 4, 1, '2021-01-11 12:16:01', NULL, 'Cal / Hidrat'),
(16, '', '700.00', '300.00', '0.00', '0.00', 15, 0, 4, 1, '2021-01-11 12:17:56', NULL, 'Cal / Vicat'),
(17, '', '700.00', '300.00', '0.00', '0.00', 15, 0, 4, 1, '2021-01-11 12:18:17', NULL, 'Cal / Milagro'),
(18, '', '2200.00', '1500.00', '0.00', '0.00', 15, 0, 4, 1, '2021-01-11 12:19:24', NULL, 'Hierro - 10\"'),
(19, '', '1500.00', '900.00', '0.00', '0.00', 15, 0, 4, 1, '2021-01-11 15:20:52', NULL, 'Hierro - 8\"'),
(20, '', '900.00', '600.00', '0.00', '0.00', 15, 0, 4, 1, '2021-01-11 12:20:44', NULL, 'Hierro - 6\"'),
(21, '', '400.00', '200.00', '0.00', '0.00', 15, 0, 4, 1, '2021-01-11 12:21:21', NULL, 'Hierro - 4,2\"'),
(22, '', '350.00', '100.00', '0.00', '0.00', 15, 0, 4, 1, '2021-01-11 12:22:48', NULL, 'Alambre Fardo K6'),
(23, '', '300.00', '150.00', '0.00', '0.00', 100, 0, 4, 1, '2021-01-11 12:23:47', NULL, 'Clavos (2 _1/2)'),
(24, '', '300.00', '150.00', '0.00', '0.00', 100, 0, 4, 1, '2021-01-11 12:24:07', NULL, 'Clavos (2)'),
(25, '', '300.00', '150.00', '0.00', '0.00', 100, 0, 4, 1, '2021-01-11 12:24:23', NULL, 'Clavos (1)'),
(26, '', '650.00', '350.00', '0.00', '0.00', 100, 0, 4, 1, '2021-01-11 12:24:51', NULL, 'Clavos para chapa'),
(27, '', '2800.00', '1900.00', '0.00', '0.00', 20, 0, 4, 1, '2021-01-11 12:25:33', NULL, 'Mallas 4,2 _ 15x25'),
(28, '', '3400.00', '2600.00', '0.00', '0.00', 30, 0, 4, 1, '2021-01-11 12:25:59', NULL, 'Mallas 4,2 _ 15x15'),
(29, '', '0.00', '0.00', '0.00', '0.00', 30, 0, 4, 1, '2021-01-11 12:26:26', NULL, 'Mallas 6 _ 15x25'),
(30, '', '0.00', '0.00', '0.00', '0.00', 30, 0, 4, 1, '2021-01-11 12:26:43', NULL, 'Mallas 6 _ 15x15'),
(31, '', '1900.00', '900.00', '0.00', '0.00', 50, 0, 4, 1, '2021-01-11 12:29:43', NULL, 'Ceresita x 20kg'),
(32, '', '1200.00', '600.00', '0.00', '0.00', 50, 0, 4, 1, '2021-01-11 12:29:59', NULL, 'Ceresita x 10kg'),
(33, '', '600.00', '300.00', '0.00', '0.00', 50, 0, 4, 1, '2021-01-11 12:30:33', NULL, 'Ceresita x 4kg'),
(34, '', '300.00', '200.00', '0.00', '0.00', 50, 0, 4, 1, '2021-01-11 12:32:14', NULL, 'Ceresita x 1kg'),
(35, '', '1900.00', '1200.00', '-39.00', '0.00', 150, 0, 3, 1, '2021-02-05 01:51:31', NULL, 'Arena'),
(36, '', '3500.00', '2600.00', '3.00', '0.00', 150, 0, 3, 1, '2021-01-27 02:03:07', NULL, 'Piedra'),
(37, '', '1500.00', '600.00', '-10.00', '0.00', 150, 0, 3, 1, '2021-02-05 01:32:45', NULL, 'Escombro '),
(38, '', '500.00', '240.00', '-4.00', '0.00', 15, 0, 4, 1, '2021-01-16 14:11:58', NULL, 'Bolsones (Arena-Piedra-Escombro)'),
(39, '', '59.00', '50.00', '144.00', '0.00', 200, 0, 4, 1, '2021-02-05 01:51:31', NULL, 'Ladrillos Huecos (12-18-33x6)'),
(40, '', '61.00', '55.00', '0.00', '0.00', 200, 0, 4, 1, '2021-02-05 01:41:41', NULL, 'Ladrillos Huecos (12-18-33x9)'),
(41, '', '49.00', '45.00', '0.00', '0.00', 200, 0, 4, 1, '2021-02-05 01:42:42', NULL, 'Ladrillos Huecos (8-18-33)'),
(42, '', '22.00', '16.00', '0.00', '0.00', 200, 0, 4, 1, '2021-02-05 01:43:00', NULL, 'Ladrillos Comunes'),
(43, '', '200.00', '100.00', '0.00', '0.00', 10, 0, 4, 1, '2021-01-11 12:47:47', NULL, 'Filtros Chicos'),
(44, '', '250.00', '120.00', '0.00', '0.00', 10, 0, 4, 1, '2021-01-11 12:48:06', NULL, 'Filtros Grandes'),
(45, '', '300.00', '200.00', '0.00', '0.00', 10, 0, 4, 1, '2021-01-11 12:48:30', NULL, 'Baldes'),
(46, '', '0.00', '0.00', '0.00', '0.00', 10, 0, 4, 1, '2021-01-11 12:48:56', NULL, 'Caños - 4p 100\"'),
(47, '', '0.00', '0.00', '0.00', '0.00', 20, 0, 4, 1, '2021-01-11 12:56:25', NULL, 'Caños - 4p 110\"'),
(48, '', '0.00', '0.00', '0.00', '0.00', 50, 0, 4, 1, '2021-01-11 12:57:40', NULL, 'Caños - 2 1/2 60\"'),
(49, '', '0.00', '0.00', '0.00', '0.00', 50, 0, 4, 1, '2021-01-11 13:01:49', NULL, 'Caños - 2 50\"'),
(50, '', '0.00', '0.00', '0.00', '0.00', 50, 0, 4, 1, '2021-01-11 13:02:01', NULL, 'Caños - 1 1/2 40\"'),
(51, '', '0.00', '0.00', '0.00', '0.00', 50, 0, 4, 1, '2021-01-11 13:02:15', NULL, 'Caños - 1'),
(52, '', '0.00', '0.00', '0.00', '0.00', 50, 0, 4, 1, '2021-01-11 13:02:36', NULL, 'Caños 1 - Polipropileno'),
(53, '', '0.00', '0.00', '0.00', '0.00', 50, 0, 4, 1, '2021-01-11 13:03:33', NULL, 'Caños 1/2 - Polipropileno'),
(54, '', '0.00', '0.00', '0.00', '0.00', 50, 0, 4, 1, '2021-01-11 13:03:45', NULL, 'Caños 3/4 - Polipropileno'),
(55, '', '0.00', '0.00', '0.00', '0.00', 50, 0, 4, 1, '2021-01-11 13:04:02', NULL, 'Caños 7/8 - Corrugado'),
(56, '', '0.00', '0.00', '0.00', '0.00', 50, 0, 4, 1, '2021-01-11 13:05:03', NULL, 'Caños 3/4 - Corrugado'),
(57, '', '0.00', '0.00', '0.00', '0.00', 50, 0, 4, 1, '2021-01-11 13:05:18', NULL, 'Caños 1/2 - Corrugado'),
(58, '', '0.00', '0.00', '0.00', '0.00', 50, 0, 4, 1, '2021-01-11 13:05:33', NULL, 'Codo - 110°'),
(59, '', '0.00', '0.00', '0.00', '0.00', 50, 0, 4, 1, '2021-01-11 13:05:45', NULL, 'Curva - 110° '),
(60, '', '5000.00', '2800.00', '0.00', '0.00', 5, 0, 4, 1, '2021-01-11 13:06:14', NULL, 'Carretilla'),
(61, '', '21000.00', '16000.00', '0.00', '0.00', 50, 0, 4, 1, '2021-01-11 13:06:32', NULL, 'Hormigonera'),
(62, '', '0.00', '0.00', '0.00', '0.00', 5, 0, 4, 1, '2021-01-11 13:06:50', NULL, 'Pala ancha - Gherardi'),
(63, '', '0.00', '0.00', '0.00', '0.00', 5, 0, 4, 1, '2021-01-11 13:07:15', NULL, 'Pala punta - Gherardi'),
(64, '', '0.00', '0.00', '0.00', '0.00', 5, 0, 4, 1, '2021-01-11 13:07:31', NULL, 'Pala ancha - Moises'),
(65, '', '0.00', '0.00', '0.00', '0.00', 5, 0, 4, 1, '2021-01-11 13:11:30', NULL, 'Pala punta - Moises'),
(66, '', '0.00', '0.00', '0.00', '0.00', 5, 0, 4, 1, '2021-01-11 13:11:49', NULL, 'Piletas Material'),
(67, '', '0.00', '0.00', '0.00', '0.00', 5, 0, 4, 1, '2021-01-11 13:12:00', NULL, 'Piletas Mesada Polipropileno'),
(68, '', '0.00', '0.00', '0.00', '0.00', 10, 0, 4, 1, '2021-01-11 13:12:10', NULL, 'Ruberol x 20mts'),
(69, '', '0.00', '0.00', '0.00', '0.00', 5, 0, 4, 1, '2021-01-11 13:12:19', NULL, 'Ruberol x 40mts'),
(70, '', '0.00', '0.00', '0.00', '0.00', 5, 0, 4, 1, '2021-01-11 13:12:31', NULL, 'Membrana x 3mts'),
(71, '', '0.00', '0.00', '0.00', '0.00', 5, 0, 4, 1, '2021-01-11 13:12:41', NULL, 'Membrana x 4mts'),
(72, '', '500.00', '250.00', '13.00', '0.00', 2, 0, 4, 1, '2021-01-29 21:48:02', NULL, 'bolsón vacío'),
(73, '', '600.00', '500.00', '34.75', '0.00', 3, 0, 1, 1, '2021-02-04 21:43:51', NULL, 'prueba'),
(74, '', '600.00', '400.00', '10.00', '0.00', 20, 0, 1, 1, '2021-02-05 01:24:04', NULL, '1/4 arena');

-- --------------------------------------------------------

--
-- Estructura de tabla para la tabla `roles`
--

CREATE TABLE `roles` (
  `id` int(11) NOT NULL,
  `nombre` varchar(50) NOT NULL,
  `activo` tinyint(4) NOT NULL DEFAULT 1,
  `fecha_alta` timestamp NOT NULL DEFAULT current_timestamp() ON UPDATE current_timestamp(),
  `fecha_edit` timestamp NULL DEFAULT NULL
) ENGINE=InnoDB DEFAULT CHARSET=utf8mb4;

--
-- Volcado de datos para la tabla `roles`
--

INSERT INTO `roles` (`id`, `nombre`, `activo`, `fecha_alta`, `fecha_edit`) VALUES
(1, 'admin', 1, '2020-11-10 00:59:48', NULL),
(2, 'cajero', 1, '2020-11-16 04:26:54', '2020-11-16 03:26:54');

-- --------------------------------------------------------

--
-- Estructura de tabla para la tabla `temporal_compra`
--

CREATE TABLE `temporal_compra` (
  `id` int(11) NOT NULL,
  `folio` varchar(20) NOT NULL,
  `id_producto` int(11) NOT NULL,
  `codigo` varchar(30) NOT NULL,
  `nombre` varchar(200) NOT NULL,
  `cantidad` decimal(10,2) NOT NULL,
  `precio` decimal(10,2) NOT NULL,
  `subtotal` decimal(10,2) NOT NULL
) ENGINE=InnoDB DEFAULT CHARSET=utf8mb4;

--
-- Volcado de datos para la tabla `temporal_compra`
--

INSERT INTO `temporal_compra` (`id`, `folio`, `id_producto`, `codigo`, `nombre`, `cantidad`, `precio`, `subtotal`) VALUES
(83, '5fe3e079a1e94', 5, '', 'Agua', '2.00', '500.00', '1000.00'),
(84, '5fe3e20fa4164', 12, '', 'Aguas', '1.00', '500.00', '500.00'),
(85, '5fe3e237d083b', 5, '', 'Agua', '1.00', '500.00', '500.00'),
(86, '5fe3e296e111a', 5, '', 'Agua', '1.00', '500.00', '500.00'),
(87, '5fe3e46e563fb', 3, '02020202', 'Fierro de construcción', '1.00', '50.00', '50.00'),
(88, '5fe3e46e563fb', 10, '', 'Fierro', '1.00', '500.00', '500.00'),
(89, '5fe3e49e8690e', 5, '', 'Agua', '1.00', '500.00', '500.00'),
(90, '5fe3e4bd8d806', 3, '02020202', 'Fierro de construcción', '2.00', '50.00', '100.00'),
(91, '5fe3e58d4d08d', 3, '02020202', 'Fierro de construcción', '1.00', '50.00', '50.00'),
(92, '5fe3e63202377', 5, '', 'Agua', '1.00', '500.00', '500.00'),
(93, '5fe3e679054d2', 3, '02020202', 'Fierro de construcción', '1.00', '50.00', '50.00'),
(94, '5fe3e69592523', 5, '', 'Agua', '1.00', '500.00', '500.00'),
(95, '5fe3e7499130c', 3, '02020202', 'Fierro de construcción', '1.00', '50.00', '50.00'),
(96, '5fe3e80c46e21', 5, '', 'Agua', '3.00', '500.00', '1500.00'),
(97, '5fe3e84bc5fb2', 5, '', 'Agua', '1.00', '500.00', '500.00'),
(99, '5fe3e8e4498b5', 3, '02020202', 'Fierro de construcción', '1.00', '50.00', '50.00'),
(100, '5fe3e9b30ea30', 5, '', 'Agua', '1.00', '500.00', '500.00'),
(101, '5fe3ea49adb23', 5, '', 'Agua', '1.00', '500.00', '500.00'),
(103, '5fe3eaf59b36a', 3, '02020202', 'Fierro de construcción', '1.00', '50.00', '50.00'),
(104, '5fe3eaf59b36a', 5, '', 'Agua', '1.00', '500.00', '500.00'),
(105, '5fe3eaf59b36a', 12, '', 'Aguas', '2.00', '500.00', '1000.00'),
(110, '5fe3eb8165c26', 3, '02020202', 'Fierro de construcción', '3.00', '50.00', '150.00'),
(111, '5fe3ecc9d8afd', 5, '', 'Agua', '2.00', '500.00', '1000.00'),
(113, '5fe40e2ad934a', 5, '', 'Agua', '1.00', '800.00', '800.00'),
(128, '5ffe7e4e5626e', 35, '', 'Arena', '1.00', '1900.00', '1900.00'),
(130, '5ffe8a92df590', 38, '', 'Bolsones (Arena-Piedra-Escombro)', '1.00', '500.00', '500.00'),
(131, '5ffe864260f22', 38, '', 'Bolsones (Arena-Piedra-Escombro)', '6.00', '240.00', '1440.00'),
(132, '5ffe9cf74d9b6', 35, '', 'Arena', '1.00', '1900.00', '1900.00'),
(133, '5ffe9eb0cb520', 35, '', 'Arena', '1.00', '1900.00', '1900.00'),
(136, '5ffea373add82', 35, '', 'Arena', '1.00', '1900.00', '1900.00'),
(138, '600063b900e9b', 35, '', 'Arena', '2.00', '1900.00', '3800.00'),
(140, '600071a539c90', 35, '', 'Arena', '2.00', '1900.00', '3800.00'),
(141, '600071a539c90', 38, '', 'Bolsones (Arena-Piedra-Escombro)', '2.00', '500.00', '1000.00'),
(142, '600071a539c90', 37, '', 'Escombro ', '1.00', '1500.00', '1500.00'),
(143, '6000df31bda6a', 35, '', 'Arena', '2.00', '1900.00', '3800.00'),
(146, '6000e1efaf2cd', 35, '', 'Arena', '2.00', '1900.00', '3800.00'),
(149, '6000e4dd525e7', 38, '', 'Bolsones (Arena-Piedra-Escombro)', '2.00', '500.00', '1000.00'),
(150, '6000e4dd525e7', 37, '', 'Escombro ', '2.00', '1500.00', '3000.00'),
(151, '6000e63d34c65', 72, '', 'bolsón vacío', '1.00', '500.00', '500.00'),
(153, '6000e63d34c65', 39, '', 'Ladrillos Huecos (12-18-33x6) = 144 ($58)', '284.00', '8352.00', '2371968.00'),
(154, '6000e63d34c65', 40, '', 'Ladrillos Huecos (12-18-33x9) = 144 ($58)', '144.00', '8352.00', '1202688.00'),
(155, '6001231da2312', 35, '', 'Arena', '1.00', '1900.00', '1900.00'),
(156, '600123504b210', 35, '', 'Arena', '1.00', '1900.00', '1900.00'),
(159, '6001264657bf5', 35, '', 'Arena', '2.00', '1900.00', '3800.00'),
(163, '6001284f3e893', 35, '', 'Arena', '1.00', '1900.00', '1900.00'),
(164, '6001284f3e893', 38, '', 'Bolsones (Arena-Piedra-Escombro)', '1.00', '500.00', '500.00'),
(166, '6002718f10413', 35, '', 'Arena', '1.00', '1900.00', '1900.00'),
(174, '600274025c0a1', 35, '', 'Arena', '1.00', '1900.00', '1900.00'),
(175, '6002746ec4fed', 35, '', 'Arena', '1.00', '1900.00', '1900.00'),
(176, '60027555deadb', 35, '', 'Arena', '2.00', '1900.00', '3800.00'),
(190, '6003013c859ca', 37, '', 'Escombro ', '6.00', '1500.00', '9000.00'),
(194, '60047b1dadf98', 35, '', 'Arena', '1.00', '1900.00', '1900.00'),
(195, '60047e028dd4e', 35, '', 'Arena', '2.00', '1900.00', '2850.00'),
(196, '60047efde3b2e', 35, '', 'Arena', '4.00', '1900.00', '7600.00'),
(197, '60047f095f902', 35, '', 'Arena', '4.00', '1900.00', '7600.00'),
(198, '60047f1a9741a', 35, '', 'Arena', '3.00', '1900.00', '5700.00'),
(199, '60047f1a9741a', 37, '', 'Escombro ', '1.00', '1500.00', '1500.00'),
(200, '6004e0317c969', 35, '', 'Arena', '1.00', '1900.00', '1900.00'),
(203, '6004e0898e724', 35, '', 'Arena', '2.00', '1900.00', '3800.00'),
(204, '6004e09aca8fd', 35, '', 'Arena', '2.00', '1900.00', '3800.00'),
(205, '6004e0a36cd09', 35, '', 'Arena', '1.00', '1900.00', '1900.00'),
(206, '6004e0b7cb068', 35, '', 'Arena', '2.00', '1900.00', '3800.00'),
(207, '6004e0d27c425', 35, '', 'Arena', '6.00', '1900.00', '11400.00'),
(208, '6004e0eb2f20d', 35, '', 'Arena', '1.00', '1900.00', '1900.00'),
(209, '6004e0f72ea04', 35, '', 'Arena', '5.00', '1900.00', '9500.00'),
(210, '60073287cd5c1', 35, '', 'Arena', '1.00', '1900.00', '1900.00'),
(211, '600732b12b5d6', 35, '', 'Arena', '2.00', '1900.00', '3800.00'),
(212, '6007346884b23', 35, '', 'Arena', '2.00', '1900.00', '3800.00'),
(213, '60073487a0c8c', 35, '', 'Arena', '4.00', '1900.00', '7600.00'),
(214, '60073487a0c8c', 36, '', 'Piedra', '4.00', '3500.00', '14000.00'),
(215, '600734b841a6a', 35, '', 'Arena', '3.00', '1900.00', '5700.00'),
(216, '600734c7e30e4', 35, '', 'Arena', '4.00', '1900.00', '7600.00'),
(217, '600734d13713b', 35, '', 'Arena', '6.00', '1900.00', '11400.00'),
(218, '600734e2841e0', 35, '', 'Arena', '2.00', '1900.00', '3800.00'),
(219, '6007385c378a8', 35, '', 'Arena', '1.00', '1900.00', '1900.00'),
(220, '6007386c1ac98', 35, '', 'Arena', '2.00', '1900.00', '3800.00'),
(221, '600738814c1de', 35, '', 'Arena', '2.00', '1900.00', '3800.00'),
(222, '60073ad30f737', 35, '', 'Arena', '4.00', '1900.00', '7600.00'),
(223, '600734e2841e0', 36, '', 'Piedra', '2.00', '3500.00', '7000.00'),
(230, '601c2a4519510', 35, '', 'Arena', '1.00', '1900.00', '1900.00'),
(232, '601c464de0068', 73, '', 'prueba', '2.00', '200.00', '300.00'),
(235, '601c646fbf4d4', 73, '', 'prueba', '3.00', '500.00', '1250.00'),
(236, '601c666ab8a19', 73, '', 'prueba', '4.00', '500.00', '1750.00'),
(242, '601c9dbe47ccc', 74, '', '1/4 arena', '10.00', '400.00', '4000.00'),
(252, '601ca0c2ba508', 39, '', 'Ladrillos Huecos (12-18-33x6) = 144 ($58)', '1.00', '8352.00', '8352.00');

-- --------------------------------------------------------

--
-- Estructura de tabla para la tabla `unidades`
--

CREATE TABLE `unidades` (
  `id` smallint(6) NOT NULL,
  `nombre` varchar(100) NOT NULL,
  `nombre_corto` varchar(100) NOT NULL,
  `activo` tinyint(3) NOT NULL DEFAULT 1,
  `fecha_alta` timestamp NOT NULL DEFAULT current_timestamp() ON UPDATE current_timestamp(),
  `fecha_edit` timestamp NULL DEFAULT NULL
) ENGINE=InnoDB DEFAULT CHARSET=utf8mb4;

--
-- Volcado de datos para la tabla `unidades`
--

INSERT INTO `unidades` (`id`, `nombre`, `nombre_corto`, `activo`, `fecha_alta`, `fecha_edit`) VALUES
(1, 'Metros cubicos', 'mt3', 1, '2021-02-04 21:02:41', '2021-02-04 20:02:41'),
(2, 'Litos', 'lt', 0, '2021-02-04 21:17:03', '2021-02-04 20:17:03'),
(3, 'Metros cuadrados', 'xm3', 0, '2021-02-04 21:16:59', '2021-02-04 20:16:59'),
(4, 'Unidad', 'uni', 1, '2021-01-11 12:07:22', '2021-01-11 12:07:22'),
(5, 'Unidad-Palet', 'uni-p', 0, '2021-02-04 21:16:53', '2021-02-04 20:16:53'),
(6, 'kilos ', 'kg', 0, '2021-02-04 21:16:48', '2021-02-04 20:16:48');

-- --------------------------------------------------------

--
-- Estructura de tabla para la tabla `usuarios`
--

CREATE TABLE `usuarios` (
  `id` int(11) NOT NULL,
  `usuario` varchar(30) NOT NULL,
  `password` varchar(130) NOT NULL,
  `nombre` varchar(100) NOT NULL,
  `id_caja` int(11) NOT NULL,
  `id_rol` int(11) NOT NULL,
  `activo` tinyint(4) NOT NULL DEFAULT 1,
  `fecha_alta` timestamp NOT NULL DEFAULT current_timestamp(),
  `fecha_edit` timestamp NULL DEFAULT NULL
) ENGINE=InnoDB DEFAULT CHARSET=utf8mb4;

--
-- Volcado de datos para la tabla `usuarios`
--

INSERT INTO `usuarios` (`id`, `usuario`, `password`, `nombre`, `id_caja`, `id_rol`, `activo`, `fecha_alta`, `fecha_edit`) VALUES
(1, 'jose', '$2y$10$qzC1P0UVdJ2tvEqFL3YJMOjd9xuLlDsum7SD188ebYvA1HHpXf30W', 'Jose Pintado', 1, 1, 0, '2020-11-10 01:39:59', '2020-11-16 01:34:31'),
(2, 'luis', '$2y$10$IHy3gKcutRPvl4VCslAlJO8.yBeqm2MLVRtFu.2xvqSBpo.DMvPx2', 'Luis Vasquez', 1, 1, 0, '2020-11-10 00:44:44', '2020-11-16 01:32:27'),
(3, 'manuel', '$2y$10$iAjxJdSUcGup4AgNIFU5rOTLKH3y/P7sVzarXGmXgGIONdMA9xgS6', 'Manuel Pintado', 1, 1, 0, '2020-11-10 00:49:00', '2020-11-16 01:26:16'),
(4, 'angel', '$2y$10$/Xr2iEOUwHMYa8YmuTdHG.D6.eQ6mDw3MpVWvVOn.OdFMQz/WTO4K', 'Angel Pelayes', 1, 2, 1, '2020-11-16 01:34:22', '2020-11-16 01:34:22'),
(5, 'litsen', '$2y$10$fqSpTT5AziwStfrIyPo3Z.nwnbGElEleGd6RSe1tXyG/pX/bw9P2e', 'litsen Free', 1, 1, 1, '2020-11-27 21:00:59', '2020-11-27 21:00:59');

-- --------------------------------------------------------

--
-- Estructura de tabla para la tabla `ventas`
--

CREATE TABLE `ventas` (
  `id` int(11) NOT NULL,
  `folio` varchar(20) NOT NULL,
  `total` decimal(10,2) NOT NULL,
  `fecha_alta` timestamp NOT NULL DEFAULT current_timestamp() ON UPDATE current_timestamp(),
  `id_usuario` int(11) NOT NULL,
  `id_caja` int(11) NOT NULL,
  `id_cliente` int(11) NOT NULL,
  `forma_pago` varchar(5) NOT NULL,
  `envio_nombre` varchar(100) NOT NULL DEFAULT '---',
  `envio_direccion` varchar(200) NOT NULL DEFAULT '---',
  `envio_telefono` varchar(50) NOT NULL DEFAULT '---',
  `envio_costo` decimal(10,2) NOT NULL DEFAULT 0.00,
  `otro_detalle` varchar(200) NOT NULL DEFAULT '---',
  `otro_detalle_costo` decimal(10,2) NOT NULL DEFAULT 0.00,
  `activo` int(11) NOT NULL DEFAULT 1
) ENGINE=InnoDB DEFAULT CHARSET=utf8mb4;

--
-- Volcado de datos para la tabla `ventas`
--

INSERT INTO `ventas` (`id`, `folio`, `total`, `fecha_alta`, `id_usuario`, `id_caja`, `id_cliente`, `forma_pago`, `envio_nombre`, `envio_direccion`, `envio_telefono`, `envio_costo`, `otro_detalle`, `otro_detalle_costo`, `activo`) VALUES
(10, ' 5fe3e80c46e21', '1500.00', '2020-12-24 00:00:13', 1, 1, 1, '001', '', '', '', '0.00', '', '0.00', 1),
(11, ' 5fe3e84bc5fb2', '500.00', '2020-12-24 00:01:13', 1, 1, 1, '001', '', '', '', '0.00', '', '0.00', 1),
(12, ' 5fe3e8e4498b5', '50.00', '2020-12-24 00:03:40', 1, 1, 1, '001', '', '', '', '0.00', '', '0.00', 1),
(13, ' 5fe3e9b30ea30', '500.00', '2020-12-24 00:07:04', 1, 1, 1, '001', '', '', '', '0.00', '', '0.00', 1),
(14, ' 5fe3ea49adb23', '500.00', '2020-12-24 00:09:34', 1, 1, 1, '001', '', '', '', '0.00', '', '0.00', 1),
(15, ' 5fe3ea49adb23', '500.00', '2020-12-24 00:11:38', 1, 1, 1, '001', '', '', '', '0.00', '', '0.00', 1),
(16, ' 5fe3ea49adb23', '500.00', '2020-12-24 00:12:19', 1, 1, 1, '001', '', '', '', '0.00', '', '0.00', 1),
(17, ' 5fe3ea49adb23', '500.00', '2020-12-24 00:12:20', 1, 1, 1, '001', '', '', '', '0.00', '', '0.00', 1),
(18, ' 5fe3ea49adb23', '500.00', '2020-12-24 00:12:20', 1, 1, 1, '001', '', '', '', '0.00', '', '0.00', 1),
(19, '5fe3eb16b87e7', '1050.00', '2020-12-24 00:13:12', 1, 1, 1, '001', '', '', '', '0.00', '', '0.00', 1),
(20, '5fe3eb5bcb673', '50.00', '2020-12-24 00:14:10', 1, 1, 1, '001', '', '', '', '0.00', '', '0.00', 1),
(21, '5fe3ee0de3bcd', '120.00', '2020-12-24 00:25:47', 1, 1, 1, '001', '', '', '', '0.00', '', '0.00', 1),
(22, '5fe40e4ee3d63', '800.00', '2020-12-24 02:43:20', 1, 1, 1, '001', '', '', '', '0.00', '', '0.00', 1),
(23, '5fe40f636ded9', '800.00', '2020-12-24 02:47:53', 1, 1, 1, '001', '', '', '', '0.00', '', '0.00', 1),
(24, '5fe416c9adcf9', '49440.00', '2020-12-24 03:20:06', 1, 1, 2, '001', '', '', '', '0.00', '', '0.00', 1),
(25, '5fe4173f9755c', '44120.00', '2020-12-24 03:21:58', 1, 1, 1, '001', '', '', '', '0.00', '', '0.00', 1),
(26, '5feab3c3be9ed', '800.00', '2020-12-29 03:43:25', 1, 1, 1, '001', '', '', '', '0.00', '', '0.00', 1),
(27, '5feab58e3254e', '8000.00', '2020-12-29 03:50:39', 1, 1, 1, '001', '', '', '', '0.00', '', '0.00', 1),
(28, '5feb38fb9f24e', '1600.00', '2020-12-29 13:11:15', 1, 1, 1, '001', '', '', '', '0.00', '', '0.00', 1),
(29, '5feccb6d84cd0', '120.00', '2020-12-30 15:48:27', 4, 1, 1, '001', '', '', '', '0.00', '', '0.00', 1),
(30, '5ffe7ec384fa7', '1900.00', '2021-01-13 04:02:11', 1, 1, 1, '001', '', '', '', '0.00', '', '0.00', 1),
(31, '5ffe9f7069b0a', '3800.00', '2021-01-13 06:23:29', 1, 1, 1, '001', 'dddddddd', 'dddddddd', '8888', '500.00', 'ddddddd', '500.00', 1),
(32, '5ffea0da41937', '1000.00', '2021-01-13 06:27:39', 1, 1, 1, '002', '', '', '', '0.00', '', '0.00', 1),
(33, '5ffea45780253', '1900.00', '2021-01-13 06:42:58', 1, 1, 1, '001', '', '', '', '0.00', '', '0.00', 1),
(34, '600063e41b57a', '1900.00', '2021-01-14 14:35:27', 1, 1, 1, '001', 'Maria del Pilar', 'av Luz Salgado', '+519999999', '200.00', 'Cargar hacia el segundo piso', '100.00', 1),
(35, '6000df7b76506', '1900.00', '2021-01-14 23:20:03', 1, 1, 1, '001', '', '', '', '0.00', '', '0.00', 1),
(36, '6000dfcf9625c', '3800.00', '2021-01-14 23:23:21', 1, 1, 1, '001', 'Marta venza', 'Av Lucas', '99999999', '200.00', '', '0.00', 1),
(37, '600124180a3a9', '1900.00', '2021-01-15 04:12:03', 1, 1, 4, '001', '', '', '', '0.00', '', '0.00', 1),
(38, '600125525bc78', '1900.00', '2021-01-15 04:17:13', 1, 1, 1, '001', '', '', '', '0.00', '', '0.00', 1),
(39, '6001269bd2394', '4600.00', '2021-01-15 04:23:55', 1, 1, 1, '001', '', '', '', '0.00', '', '0.00', 1),
(40, '600127ebaa60b', '1900.00', '2021-01-15 04:28:25', 4, 1, 1, '001', '', '', '', '0.00', '', '0.00', 1),
(41, '600128b6be433', '1900.00', '2021-01-15 04:31:43', 4, 1, 0, '001', '', '', '', '0.00', '', '0.00', 1),
(42, '600272fcee341', '3800.00', '2021-01-16 04:00:50', 4, 1, 0, '001', '', '', '', '0.00', '', '0.00', 1),
(43, '60027308144b0', '1900.00', '2021-01-16 04:01:08', 4, 1, 0, '001', '', '', '', '0.00', '', '0.00', 1),
(44, '6002731a154c9', '1900.00', '2021-01-16 04:01:56', 4, 1, 0, '001', '', '', '', '0.00', '', '0.00', 1),
(45, '6002735390eef', '1900.00', '2021-01-16 04:02:16', 4, 1, 0, '001', '', '', '', '0.00', '', '0.00', 1),
(46, '6002735a335c7', '1900.00', '2021-01-16 04:02:24', 4, 1, 0, '001', '', '', '', '0.00', '', '0.00', 1),
(47, '600273ea8b507', '1900.00', '2021-01-16 04:04:48', 4, 1, 0, '001', '', '', '', '0.00', '', '0.00', 1),
(48, '600273f356fd8', '1900.00', '2021-01-16 04:04:56', 4, 1, 0, '001', '', '', '', '0.00', '', '0.00', 1),
(49, '6002756f1d9a9', '1900.00', '2021-01-16 04:11:16', 4, 1, 0, '001', '', '', '', '0.00', '', '0.00', 1),
(50, '6002778f1b510', '1900.00', '2021-01-16 04:20:23', 4, 1, 0, '001', '', '', '', '0.00', '', '0.00', 1),
(51, '600277aca2012', '1900.00', '2021-01-16 04:20:50', 4, 1, 0, '001', '', '', '', '0.00', '', '0.00', 1),
(52, '600277f7b8a56', '1900.00', '2021-01-16 04:22:05', 4, 1, 0, '001', '', '', '', '0.00', '', '0.00', 1),
(53, '6002f3f99e700', '3800.00', '2021-01-16 13:11:12', 4, 1, 0, '001', '', '', '', '0.00', '', '0.00', 1),
(54, '6002f4275568a', '1000.00', '2021-01-16 13:11:58', 4, 1, 0, '001', '', '', '', '0.00', '', '0.00', 1),
(55, '6002fb8f18bf3', '1900.00', '2021-01-16 13:43:40', 4, 1, 0, '001', '', '', '', '200.00', '', '0.00', 1),
(56, '6002fc8c01b99', '1900.00', '2021-01-16 13:47:57', 4, 1, 0, '001', '', '', '', '0.00', '', '0.00', 1),
(57, '6003004996a05', '1900.00', '2021-01-16 14:03:45', 4, 1, 0, '001', '', '', '', '0.00', '', '0.00', 1),
(58, '60030054474cf', '3800.00', '2021-01-16 14:04:05', 4, 1, 0, '001', '', '', '', '50.00', '', '50.00', 1),
(59, '6003007054ec5', '1900.00', '2021-01-16 14:04:42', 4, 1, 0, '001', '', '', '', '50.00', '', '50.00', 1),
(60, '600300965d32f', '1900.00', '2021-01-16 14:05:04', 4, 1, 0, '001', '', '', '', '50.00', '', '50.00', 1),
(61, '600300e273fd4', '16500.00', '2021-01-16 14:07:13', 4, 1, 2, '001', '', '', '', '0.00', '', '0.00', 1),
(62, '600301588cc4c', '18900.00', '2021-01-27 02:19:54', 4, 1, 2, '001', '', '', '', '500.00', '', '500.00', 1),
(63, '6004e0414a840', '7300.00', '2021-01-18 00:12:00', 1, 1, 0, '001', '', '', '', '0.00', '', '0.00', 1),
(64, '6010cc4eef1a2', '2500.00', '2021-01-27 01:14:09', 4, 1, 0, '001', '', '', '', '0.00', '', '0.00', 1),
(65, '6010cd9aea614', '500.00', '2021-01-27 01:19:27', 4, 1, 0, '001', '', '', '', '0.00', '', '0.00', 1),
(66, '6010cef502ae9', '500.00', '2021-01-27 01:25:06', 4, 1, 4, '001', '', '', '', '0.00', '', '0.00', 1),
(67, '6014824a82503', '500.00', '2021-01-29 21:48:02', 4, 1, 3, '001', '', '', '', '0.00', '', '0.00', 0),
(68, '601c4ce590dd7', '1000.00', '2021-02-04 18:39:52', 4, 1, 3, '001', '', '', '', '0.00', '', '0.00', 1),
(69, '601c6a7c9ed32', '750.00', '2021-02-04 20:43:51', 4, 1, 3, '001', '', '', '', '0.00', '', '0.00', 1),
(70, '601c6c00322d1', '1900.00', '2021-02-04 20:56:46', 4, 1, 3, '001', '', '', '', '0.00', '', '0.00', 1),
(71, '601c9e3cec1aa', '1900.00', '2021-02-05 00:32:06', 4, 1, 3, '001', '', '', '', '0.00', '', '0.00', 1),
(72, '601ca03506ed6', '3400.00', '2021-02-05 00:32:45', 4, 1, 3, '001', '', '', '', '0.00', '', '0.00', 1),
(73, '601ca386724fc', '7800.00', '2021-02-05 01:51:31', 4, 1, 3, '001', '', '', '', '0.00', '', '0.00', 0);

--
-- Índices para tablas volcadas
--

--
-- Indices de la tabla `cajas`
--
ALTER TABLE `cajas`
  ADD PRIMARY KEY (`id`);

--
-- Indices de la tabla `clientes`
--
ALTER TABLE `clientes`
  ADD PRIMARY KEY (`id`);

--
-- Indices de la tabla `compras`
--
ALTER TABLE `compras`
  ADD PRIMARY KEY (`id`),
  ADD KEY `fk_compras_usuario` (`id_usuario`);

--
-- Indices de la tabla `configuracion`
--
ALTER TABLE `configuracion`
  ADD PRIMARY KEY (`id`);

--
-- Indices de la tabla `detalle_compra`
--
ALTER TABLE `detalle_compra`
  ADD PRIMARY KEY (`id`),
  ADD KEY `fk_detalle_compra` (`id_compra`),
  ADD KEY `fk_detalle_producto` (`id_producto`);

--
-- Indices de la tabla `detalle_venta`
--
ALTER TABLE `detalle_venta`
  ADD PRIMARY KEY (`id`);

--
-- Indices de la tabla `productos`
--
ALTER TABLE `productos`
  ADD PRIMARY KEY (`id`),
  ADD KEY `productos_idfk_1` (`id_unidad`);

--
-- Indices de la tabla `roles`
--
ALTER TABLE `roles`
  ADD PRIMARY KEY (`id`);

--
-- Indices de la tabla `temporal_compra`
--
ALTER TABLE `temporal_compra`
  ADD PRIMARY KEY (`id`);

--
-- Indices de la tabla `unidades`
--
ALTER TABLE `unidades`
  ADD PRIMARY KEY (`id`);

--
-- Indices de la tabla `usuarios`
--
ALTER TABLE `usuarios`
  ADD PRIMARY KEY (`id`),
  ADD KEY `id_caja` (`id_caja`),
  ADD KEY `id_rol` (`id_rol`);

--
-- Indices de la tabla `ventas`
--
ALTER TABLE `ventas`
  ADD PRIMARY KEY (`id`);

--
-- AUTO_INCREMENT de las tablas volcadas
--

--
-- AUTO_INCREMENT de la tabla `cajas`
--
ALTER TABLE `cajas`
  MODIFY `id` int(11) NOT NULL AUTO_INCREMENT, AUTO_INCREMENT=8;

--
-- AUTO_INCREMENT de la tabla `clientes`
--
ALTER TABLE `clientes`
  MODIFY `id` int(11) NOT NULL AUTO_INCREMENT, AUTO_INCREMENT=5;

--
-- AUTO_INCREMENT de la tabla `compras`
--
ALTER TABLE `compras`
  MODIFY `id` int(11) NOT NULL AUTO_INCREMENT, AUTO_INCREMENT=34;

--
-- AUTO_INCREMENT de la tabla `configuracion`
--
ALTER TABLE `configuracion`
  MODIFY `id` int(11) NOT NULL AUTO_INCREMENT, AUTO_INCREMENT=8;

--
-- AUTO_INCREMENT de la tabla `detalle_compra`
--
ALTER TABLE `detalle_compra`
  MODIFY `id` int(11) NOT NULL AUTO_INCREMENT, AUTO_INCREMENT=46;

--
-- AUTO_INCREMENT de la tabla `detalle_venta`
--
ALTER TABLE `detalle_venta`
  MODIFY `id` int(11) NOT NULL AUTO_INCREMENT, AUTO_INCREMENT=68;

--
-- AUTO_INCREMENT de la tabla `productos`
--
ALTER TABLE `productos`
  MODIFY `id` int(11) NOT NULL AUTO_INCREMENT, AUTO_INCREMENT=75;

--
-- AUTO_INCREMENT de la tabla `roles`
--
ALTER TABLE `roles`
  MODIFY `id` int(11) NOT NULL AUTO_INCREMENT, AUTO_INCREMENT=4;

--
-- AUTO_INCREMENT de la tabla `temporal_compra`
--
ALTER TABLE `temporal_compra`
  MODIFY `id` int(11) NOT NULL AUTO_INCREMENT, AUTO_INCREMENT=257;

--
-- AUTO_INCREMENT de la tabla `unidades`
--
ALTER TABLE `unidades`
  MODIFY `id` smallint(6) NOT NULL AUTO_INCREMENT, AUTO_INCREMENT=7;

--
-- AUTO_INCREMENT de la tabla `usuarios`
--
ALTER TABLE `usuarios`
  MODIFY `id` int(11) NOT NULL AUTO_INCREMENT, AUTO_INCREMENT=6;

--
-- AUTO_INCREMENT de la tabla `ventas`
--
ALTER TABLE `ventas`
  MODIFY `id` int(11) NOT NULL AUTO_INCREMENT, AUTO_INCREMENT=74;

--
-- Restricciones para tablas volcadas
--

--
-- Filtros para la tabla `compras`
--
ALTER TABLE `compras`
  ADD CONSTRAINT `fk_compras_usuario` FOREIGN KEY (`id_usuario`) REFERENCES `usuarios` (`id`);

--
-- Filtros para la tabla `detalle_compra`
--
ALTER TABLE `detalle_compra`
  ADD CONSTRAINT `fk_detalle_compra` FOREIGN KEY (`id_compra`) REFERENCES `compras` (`id`),
  ADD CONSTRAINT `fk_detalle_producto` FOREIGN KEY (`id_producto`) REFERENCES `productos` (`id`);

--
-- Filtros para la tabla `productos`
--
ALTER TABLE `productos`
  ADD CONSTRAINT `productos_idfk_1` FOREIGN KEY (`id_unidad`) REFERENCES `unidades` (`id`);

--
-- Filtros para la tabla `usuarios`
--
ALTER TABLE `usuarios`
  ADD CONSTRAINT `fk_usuario_caja` FOREIGN KEY (`id_caja`) REFERENCES `cajas` (`id`),
  ADD CONSTRAINT `fk_usuario_rol` FOREIGN KEY (`id_rol`) REFERENCES `roles` (`id`);
COMMIT;

/*!40101 SET CHARACTER_SET_CLIENT=@OLD_CHARACTER_SET_CLIENT */;
/*!40101 SET CHARACTER_SET_RESULTS=@OLD_CHARACTER_SET_RESULTS */;
/*!40101 SET COLLATION_CONNECTION=@OLD_COLLATION_CONNECTION */;
