-- phpMyAdmin SQL Dump
-- version 5.0.3
-- https://www.phpmyadmin.net/
--
-- Servidor: 127.0.0.1
-- Tiempo de generación: 10-12-2020 a las 17:05:46
-- Versión del servidor: 10.4.14-MariaDB
-- Versión de PHP: 7.2.34

SET SQL_MODE = "NO_AUTO_VALUE_ON_ZERO";
START TRANSACTION;
SET time_zone = "+00:00";


/*!40101 SET @OLD_CHARACTER_SET_CLIENT=@@CHARACTER_SET_CLIENT */;
/*!40101 SET @OLD_CHARACTER_SET_RESULTS=@@CHARACTER_SET_RESULTS */;
/*!40101 SET @OLD_COLLATION_CONNECTION=@@COLLATION_CONNECTION */;
/*!40101 SET NAMES utf8mb4 */;

--
-- Base de datos: `maximiliano_tienda`
--

-- --------------------------------------------------------

--
-- Estructura de tabla para la tabla `cajas`
--

CREATE TABLE `cajas` (
  `id` int(11) NOT NULL,
  `numero_caja` varchar(10) NOT NULL,
  `nombre` varchar(35) NOT NULL,
  `folio` int(11) NOT NULL,
  `activo` tinyint(4) NOT NULL DEFAULT 1,
  `fecha_alta` timestamp NOT NULL DEFAULT current_timestamp() ON UPDATE current_timestamp(),
  `fecha_edit` timestamp NULL DEFAULT NULL
) ENGINE=InnoDB DEFAULT CHARSET=utf8mb4;

--
-- Volcado de datos para la tabla `cajas`
--

INSERT INTO `cajas` (`id`, `numero_caja`, `nombre`, `folio`, `activo`, `fecha_alta`, `fecha_edit`) VALUES
(1, '1', 'caja General', 1, 1, '2020-11-10 00:57:28', NULL),
(2, '2', 'caja Secundaria', 2, 1, '2020-11-10 00:58:31', NULL),
(3, '3', 'caja Gerencial', 3, 1, '2020-11-16 02:01:33', '2020-11-16 02:01:33'),
(4, '03', 'Caja Admin', 0, 1, '2020-11-16 03:56:49', '2020-11-16 02:56:49'),
(5, 'dddddddd', 'ddddddd', 7, 0, '2020-11-16 03:53:51', '2020-11-16 02:53:51'),
(6, 'ww', '12332313123', 50, 0, '2020-11-16 03:53:48', '2020-11-16 02:53:48'),
(7, '20', '//////****', 20, 1, '2020-11-16 03:56:52', '2020-11-16 02:56:52');

-- --------------------------------------------------------

--
-- Estructura de tabla para la tabla `clientes`
--

CREATE TABLE `clientes` (
  `id` int(11) NOT NULL,
  `nombre` varchar(100) NOT NULL,
  `direccion` varchar(200) NOT NULL,
  `telefono` varchar(50) NOT NULL,
  `correo` varchar(200) NOT NULL,
  `activo` tinyint(4) NOT NULL DEFAULT 1,
  `fecha_alta` timestamp NOT NULL DEFAULT current_timestamp() ON UPDATE current_timestamp(),
  `fecha_edit` timestamp NULL DEFAULT NULL
) ENGINE=InnoDB DEFAULT CHARSET=utf8mb4;

--
-- Volcado de datos para la tabla `clientes`
--

INSERT INTO `clientes` (`id`, `nombre`, `direccion`, `telefono`, `correo`, `activo`, `fecha_alta`, `fecha_edit`) VALUES
(1, 'Jose Pintado', 'Av Carlos Bustamante', '+51 938150845', 'jose@gmail.com', 1, '2020-11-19 16:09:44', NULL),
(2, 'Angel Pelaye ', 'Cordova ', '9898989 ', '', 1, '2020-11-19 20:31:49', '2020-11-19 19:31:49'),
(3, 'ddd', 'ddddddd', 'ddd', 'ddddddd@f.c', 0, '2020-11-19 16:25:25', '2020-11-19 15:25:25'),
(4, 'DDDD', 'DDD', 'DDD', '', 1, '2020-11-19 19:31:40', '2020-11-19 19:31:40');

-- --------------------------------------------------------

--
-- Estructura de tabla para la tabla `compras`
--

CREATE TABLE `compras` (
  `id` int(11) NOT NULL,
  `folio` varchar(20) NOT NULL,
  `total` decimal(10,2) NOT NULL,
  `id_usuario` int(11) NOT NULL,
  `activo` tinyint(3) NOT NULL DEFAULT 1,
  `fecha_alta` timestamp NOT NULL DEFAULT current_timestamp() ON UPDATE current_timestamp()
) ENGINE=InnoDB DEFAULT CHARSET=utf8mb4;

--
-- Volcado de datos para la tabla `compras`
--

INSERT INTO `compras` (`id`, `folio`, `total`, `id_usuario`, `activo`, `fecha_alta`) VALUES
(11, '5fd184668f0c7', '40.00', 1, 1, '2020-12-10 01:14:22'),
(12, '5fd187ff9d6db', '500.00', 1, 1, '2020-12-10 01:29:52'),
(13, '5fd18a42dd6b8', '250000.00', 1, 1, '2020-12-10 01:39:13'),
(14, '5fd18b086a27f', '49380.48', 1, 1, '2020-12-10 01:43:00'),
(15, '5fd1c19cdb048', '128451.20', 1, 1, '2020-12-10 05:35:24'),
(16, '5fd1c26416dfa', '50130.48', 1, 1, '2020-12-10 05:39:15');

-- --------------------------------------------------------

--
-- Estructura de tabla para la tabla `detalle_compra`
--

CREATE TABLE `detalle_compra` (
  `id` int(11) NOT NULL,
  `id_compra` int(11) NOT NULL,
  `id_producto` int(11) NOT NULL,
  `nombre` varchar(200) NOT NULL,
  `cantidad` int(11) NOT NULL,
  `precio` decimal(10,2) NOT NULL,
  `fecha_alta` timestamp NOT NULL DEFAULT current_timestamp() ON UPDATE current_timestamp()
) ENGINE=InnoDB DEFAULT CHARSET=utf8mb4;

--
-- Volcado de datos para la tabla `detalle_compra`
--

INSERT INTO `detalle_compra` (`id`, `id_compra`, `id_producto`, `nombre`, `cantidad`, `precio`, `fecha_alta`) VALUES
(15, 11, 5, 'Agua', 20, '500.00', '2020-12-10 01:14:22'),
(16, 11, 7, 'Litio', 30, '1000.00', '2020-12-10 01:14:22'),
(17, 12, 5, 'Agua', 1000, '500.00', '2020-12-10 01:29:52'),
(18, 13, 5, 'Agua', 500, '500.00', '2020-12-10 01:39:13'),
(19, 14, 7, 'Litio', 4, '12345.12', '2020-12-10 01:43:00'),
(20, 15, 5, 'Agua', 10, '500.00', '2020-12-10 05:35:24'),
(21, 15, 7, 'Litio', 10, '12345.12', '2020-12-10 05:35:24'),
(22, 16, 5, 'Agua', 2, '500.00', '2020-12-10 05:39:15'),
(23, 16, 7, 'Litio', 4, '12345.12', '2020-12-10 05:39:15');

-- --------------------------------------------------------

--
-- Estructura de tabla para la tabla `productos`
--

CREATE TABLE `productos` (
  `id` int(11) NOT NULL,
  `codigo` varchar(100) NOT NULL,
  `precio_venta` decimal(10,2) NOT NULL,
  `precio_compra` decimal(10,2) NOT NULL DEFAULT 0.00,
  `existencia` int(11) NOT NULL DEFAULT 0,
  `stock_minimo` int(11) NOT NULL DEFAULT 0,
  `inventariable` tinyint(4) NOT NULL,
  `id_unidad` smallint(6) NOT NULL,
  `activo` tinyint(3) NOT NULL DEFAULT 1,
  `fecha_alta` timestamp NOT NULL DEFAULT current_timestamp() ON UPDATE current_timestamp(),
  `fecha_edit` timestamp NULL DEFAULT NULL,
  `nombre` varchar(200) NOT NULL
) ENGINE=InnoDB DEFAULT CHARSET=utf8mb4;

--
-- Volcado de datos para la tabla `productos`
--

INSERT INTO `productos` (`id`, `codigo`, `precio_venta`, `precio_compra`, `existencia`, `stock_minimo`, `inventariable`, `id_unidad`, `activo`, `fecha_alta`, `fecha_edit`, `nombre`) VALUES
(3, '02020202', '0.00', '0.00', 0, 0, 0, 1, 1, '2020-11-17 20:05:40', NULL, 'Fierro de construcción'),
(5, '', '800.00', '500.00', 1543, 50, 0, 2, 1, '2020-12-10 06:39:15', '2020-12-01 03:33:04', 'Agua'),
(7, '', '1200.00', '12345.12', 68, 80, 0, 1, 1, '2020-12-10 06:39:15', '2020-11-17 23:36:38', 'Litio'),
(9, '', '5000.00', '5000.00', 0, 1111, 0, 1, 0, '2020-11-19 04:05:08', '2020-11-19 03:05:08', 'eeeeeee');

-- --------------------------------------------------------

--
-- Estructura de tabla para la tabla `roles`
--

CREATE TABLE `roles` (
  `id` int(11) NOT NULL,
  `nombre` varchar(50) NOT NULL,
  `activo` tinyint(4) NOT NULL DEFAULT 1,
  `fecha_alta` timestamp NOT NULL DEFAULT current_timestamp() ON UPDATE current_timestamp(),
  `fecha_edit` timestamp NULL DEFAULT NULL
) ENGINE=InnoDB DEFAULT CHARSET=utf8mb4;

--
-- Volcado de datos para la tabla `roles`
--

INSERT INTO `roles` (`id`, `nombre`, `activo`, `fecha_alta`, `fecha_edit`) VALUES
(1, 'admin', 1, '2020-11-10 00:59:48', NULL),
(2, 'cajero', 1, '2020-11-16 04:26:54', '2020-11-16 03:26:54');

-- --------------------------------------------------------

--
-- Estructura de tabla para la tabla `temporal_compra`
--

CREATE TABLE `temporal_compra` (
  `id` int(11) NOT NULL,
  `folio` varchar(20) NOT NULL,
  `id_producto` int(11) NOT NULL,
  `codigo` varchar(30) NOT NULL,
  `nombre` varchar(200) NOT NULL,
  `cantidad` int(11) NOT NULL,
  `precio` decimal(10,2) NOT NULL,
  `subtotal` decimal(10,2) NOT NULL
) ENGINE=InnoDB DEFAULT CHARSET=utf8mb4;

-- --------------------------------------------------------

--
-- Estructura de tabla para la tabla `unidades`
--

CREATE TABLE `unidades` (
  `id` smallint(6) NOT NULL,
  `nombre` varchar(100) NOT NULL,
  `nombre_corto` varchar(100) NOT NULL,
  `activo` tinyint(3) NOT NULL DEFAULT 1,
  `fecha_alta` timestamp NOT NULL DEFAULT current_timestamp() ON UPDATE current_timestamp(),
  `fecha_edit` timestamp NULL DEFAULT NULL
) ENGINE=InnoDB DEFAULT CHARSET=utf8mb4;

--
-- Volcado de datos para la tabla `unidades`
--

INSERT INTO `unidades` (`id`, `nombre`, `nombre_corto`, `activo`, `fecha_alta`, `fecha_edit`) VALUES
(1, 'Metros    ', 'mt', 1, '2020-11-18 00:32:31', '2020-11-17 23:32:31'),
(2, 'Litos', 'lt', 0, '2020-11-18 13:30:59', '2020-11-18 12:30:59');

-- --------------------------------------------------------

--
-- Estructura de tabla para la tabla `usuarios`
--

CREATE TABLE `usuarios` (
  `id` int(11) NOT NULL,
  `usuario` varchar(30) NOT NULL,
  `password` varchar(130) NOT NULL,
  `nombre` varchar(100) NOT NULL,
  `id_caja` int(11) NOT NULL,
  `id_rol` int(11) NOT NULL,
  `activo` tinyint(4) NOT NULL DEFAULT 1,
  `fecha_alta` timestamp NOT NULL DEFAULT current_timestamp(),
  `fecha_edit` timestamp NULL DEFAULT NULL
) ENGINE=InnoDB DEFAULT CHARSET=utf8mb4;

--
-- Volcado de datos para la tabla `usuarios`
--

INSERT INTO `usuarios` (`id`, `usuario`, `password`, `nombre`, `id_caja`, `id_rol`, `activo`, `fecha_alta`, `fecha_edit`) VALUES
(1, 'jose', '$2y$10$qzC1P0UVdJ2tvEqFL3YJMOjd9xuLlDsum7SD188ebYvA1HHpXf30W', 'Jose Pintado', 1, 1, 0, '2020-11-10 01:39:59', '2020-11-16 01:34:31'),
(2, 'luis', '$2y$10$IHy3gKcutRPvl4VCslAlJO8.yBeqm2MLVRtFu.2xvqSBpo.DMvPx2', 'Luis Vasquez', 1, 1, 0, '2020-11-10 00:44:44', '2020-11-16 01:32:27'),
(3, 'manuel', '$2y$10$iAjxJdSUcGup4AgNIFU5rOTLKH3y/P7sVzarXGmXgGIONdMA9xgS6', 'Manuel Pintado', 1, 1, 0, '2020-11-10 00:49:00', '2020-11-16 01:26:16'),
(4, 'angel', '$2y$10$/Xr2iEOUwHMYa8YmuTdHG.D6.eQ6mDw3MpVWvVOn.OdFMQz/WTO4K', 'Angel Pelayes', 1, 2, 1, '2020-11-16 01:34:22', '2020-11-16 01:34:22'),
(5, 'litsen', '$2y$10$fqSpTT5AziwStfrIyPo3Z.nwnbGElEleGd6RSe1tXyG/pX/bw9P2e', 'litsen Free', 1, 1, 1, '2020-11-27 21:00:59', '2020-11-27 21:00:59');

--
-- Índices para tablas volcadas
--

--
-- Indices de la tabla `cajas`
--
ALTER TABLE `cajas`
  ADD PRIMARY KEY (`id`);

--
-- Indices de la tabla `clientes`
--
ALTER TABLE `clientes`
  ADD PRIMARY KEY (`id`);

--
-- Indices de la tabla `compras`
--
ALTER TABLE `compras`
  ADD PRIMARY KEY (`id`),
  ADD KEY `fk_compras_usuario` (`id_usuario`);

--
-- Indices de la tabla `detalle_compra`
--
ALTER TABLE `detalle_compra`
  ADD PRIMARY KEY (`id`),
  ADD KEY `fk_detalle_compra` (`id_compra`),
  ADD KEY `fk_detalle_producto` (`id_producto`);

--
-- Indices de la tabla `productos`
--
ALTER TABLE `productos`
  ADD PRIMARY KEY (`id`),
  ADD KEY `productos_idfk_1` (`id_unidad`);

--
-- Indices de la tabla `roles`
--
ALTER TABLE `roles`
  ADD PRIMARY KEY (`id`);

--
-- Indices de la tabla `temporal_compra`
--
ALTER TABLE `temporal_compra`
  ADD PRIMARY KEY (`id`);

--
-- Indices de la tabla `unidades`
--
ALTER TABLE `unidades`
  ADD PRIMARY KEY (`id`);

--
-- Indices de la tabla `usuarios`
--
ALTER TABLE `usuarios`
  ADD PRIMARY KEY (`id`),
  ADD KEY `id_caja` (`id_caja`),
  ADD KEY `id_rol` (`id_rol`);

--
-- AUTO_INCREMENT de las tablas volcadas
--

--
-- AUTO_INCREMENT de la tabla `cajas`
--
ALTER TABLE `cajas`
  MODIFY `id` int(11) NOT NULL AUTO_INCREMENT, AUTO_INCREMENT=8;

--
-- AUTO_INCREMENT de la tabla `clientes`
--
ALTER TABLE `clientes`
  MODIFY `id` int(11) NOT NULL AUTO_INCREMENT, AUTO_INCREMENT=5;

--
-- AUTO_INCREMENT de la tabla `compras`
--
ALTER TABLE `compras`
  MODIFY `id` int(11) NOT NULL AUTO_INCREMENT, AUTO_INCREMENT=17;

--
-- AUTO_INCREMENT de la tabla `detalle_compra`
--
ALTER TABLE `detalle_compra`
  MODIFY `id` int(11) NOT NULL AUTO_INCREMENT, AUTO_INCREMENT=24;

--
-- AUTO_INCREMENT de la tabla `productos`
--
ALTER TABLE `productos`
  MODIFY `id` int(11) NOT NULL AUTO_INCREMENT, AUTO_INCREMENT=10;

--
-- AUTO_INCREMENT de la tabla `roles`
--
ALTER TABLE `roles`
  MODIFY `id` int(11) NOT NULL AUTO_INCREMENT, AUTO_INCREMENT=4;

--
-- AUTO_INCREMENT de la tabla `temporal_compra`
--
ALTER TABLE `temporal_compra`
  MODIFY `id` int(11) NOT NULL AUTO_INCREMENT, AUTO_INCREMENT=50;

--
-- AUTO_INCREMENT de la tabla `unidades`
--
ALTER TABLE `unidades`
  MODIFY `id` smallint(6) NOT NULL AUTO_INCREMENT, AUTO_INCREMENT=3;

--
-- AUTO_INCREMENT de la tabla `usuarios`
--
ALTER TABLE `usuarios`
  MODIFY `id` int(11) NOT NULL AUTO_INCREMENT, AUTO_INCREMENT=6;

--
-- Restricciones para tablas volcadas
--

--
-- Filtros para la tabla `compras`
--
ALTER TABLE `compras`
  ADD CONSTRAINT `fk_compras_usuario` FOREIGN KEY (`id_usuario`) REFERENCES `usuarios` (`id`);

--
-- Filtros para la tabla `detalle_compra`
--
ALTER TABLE `detalle_compra`
  ADD CONSTRAINT `fk_detalle_compra` FOREIGN KEY (`id_compra`) REFERENCES `compras` (`id`),
  ADD CONSTRAINT `fk_detalle_producto` FOREIGN KEY (`id_producto`) REFERENCES `productos` (`id`);

--
-- Filtros para la tabla `productos`
--
ALTER TABLE `productos`
  ADD CONSTRAINT `productos_idfk_1` FOREIGN KEY (`id_unidad`) REFERENCES `unidades` (`id`);

--
-- Filtros para la tabla `usuarios`
--
ALTER TABLE `usuarios`
  ADD CONSTRAINT `fk_usuario_caja` FOREIGN KEY (`id_caja`) REFERENCES `cajas` (`id`),
  ADD CONSTRAINT `fk_usuario_rol` FOREIGN KEY (`id_rol`) REFERENCES `roles` (`id`);
COMMIT;

/*!40101 SET CHARACTER_SET_CLIENT=@OLD_CHARACTER_SET_CLIENT */;
/*!40101 SET CHARACTER_SET_RESULTS=@OLD_CHARACTER_SET_RESULTS */;
/*!40101 SET COLLATION_CONNECTION=@OLD_COLLATION_CONNECTION */;
